customer_id,age,income,signup_date,city,plan,satisfaction_score,country,income_x2
1,35.0,50718.76,2022-01-01 00:00:00,bangalore ,pro,10.0,India,101696.74121647721
2,39.0,32405.81,2022-01-01 07:00:00,Pune,enterprise,4.0,India,65537.2434446126
3,32.0,40341.13,2022-01-01 14:00:00, Delhi,pro,3.0,India,80350.59623090154
4,24.0,75787.59,2022-01-01 21:00:00, Delhi,basic,9.0,India,151577.83223679953
5,30.0,67308.68,2022-01-02 04:00:00,Bangalore,pro,10.0,India,134437.7548000825
6,23.0,48974.98,2022-01-02 11:00:00, Delhi,basic,10.0,India,97580.66002960756
7,36.0,,2022-01-02 18:00:00,bangalore ,basic,2.0,India,
8,51.0,26592.89,2022-01-03 01:00:00,Delhi,basic,7.0,India,53216.1105826509
9,29.0,49095.15,2022-01-03 08:00:00,Pune,basic,2.0,India,97324.26749978242
10,,54536.45,2022-01-03 15:00:00,bangalore ,basic,4.0,India,109128.17157541224
11,41.0,53739.18,2022-01-03 22:00:00,bangalore ,basic,5.0,India,107488.83596774387
12,39.0,53593.12,2022-01-04 05:00:00,mumbai,basic,10.0,India,106857.36485053807
13,36.0,38172.86,2022-01-04 12:00:00,Delhi,basic,8.0,India,75840.26821504501
14,24.0,54005.89,2022-01-04 19:00:00,Bangalore,basic,10.0,India,107319.62635919548
15,35.0,54419.9,2022-01-05 02:00:00, Delhi,pro,9.0,India,109775.46420548887
16,43.0,74358.43,2022-01-05 09:00:00, Delhi,pro,4.0,India,148045.87396790556
17,19.0,83001.0,2022-01-05 16:00:00,,basic,9.0,India,166780.85117977505
18,30.0,52945.16,2022-01-05 23:00:00,bangalore ,pro,1.0,India,106190.40237993376
19,12.0,43505.41,2022-01-06 06:00:00,Delhi,enterprise,3.0,India,86828.80951585756
20,20.0,54025.27,2022-01-06 13:00:00, Delhi,basic,9.0,India,107472.00157813916
21,13.0,45885.68,2022-01-06 20:00:00,,basic,1.0,India,92292.60674843
22,32.0,43863.49,2022-01-07 03:00:00,Delhi,basic,7.0,India,88591.80559837104
23,20.0,54120.25,2022-01-07 10:00:00, Delhi,pro,9.0,India,107773.4877955951
24,38.0,39350.43,2022-01-07 17:00:00,bangalore ,enterprise,3.0,India,78551.48739705978
25,37.0,64091.6,2022-01-08 00:00:00,Pune,basic,7.0,India,128709.01188239685
26,33.0,53441.27,2022-01-08 07:00:00,Pune,enterprise,6.0,India,107050.43168001341
27,5.0,58750.12,2022-01-08 14:00:00,Bangalore,pro,8.0,India,118500.22047807809
28,29.0,52255.9,2022-01-08 21:00:00,Mumbai,pro,4.0,India,104226.72777526433
29,34.0,44091.18,2022-01-09 04:00:00,Bangalore,pro,2.0,India,88453.50560418476
30,36.0,40780.61,2022-01-09 11:00:00,Mumbai,pro,10.0,India,80935.75601502917
31,17.0,51440.86,2022-01-09 18:00:00,Mumbai,basic,2.0,India,103929.66586524952
32,29.0,46768.59,2022-01-10 01:00:00,bangalore ,pro,4.0,India,93172.00959385587
33,23.0,58508.52,2022-01-10 08:00:00,mumbai,basic,1.0,India,115913.0564853524
34,25.0,54933.52,2022-01-10 15:00:00,Mumbai,basic,2.0,India,109804.15798937019
35,48.0,34565.4,2022-01-10 22:00:00,Pune,pro,7.0,India,69061.08468944335
36,25.0,,2022-01-11 05:00:00, Delhi,basic,1.0,India,
37,35.0,34857.09,2022-01-11 12:00:00, Delhi,basic,3.0,India,69544.77017730812
38,46.0,45752.84,2022-01-11 19:00:00,bangalore ,pro,4.0,India,91499.35812792895
39,28.0,50584.7,2022-01-12 02:00:00,Delhi,pro,4.0,India,101466.11943595638
40,34.0,23870.9,2022-01-12 09:00:00,Mumbai,pro,10.0,India,48534.935341554745
41,36.0,56372.61,2022-01-12 16:00:00,Pune,basic,2.0,India,112713.6051927936
42,36.0,57264.75,2022-01-12 23:00:00,mumbai,pro,3.0,India,115049.23894679394
43,,52629.64,2022-01-13 06:00:00, Delhi,basic,8.0,India,105518.32229403048
44,36.0,,2022-01-13 13:00:00,mumbai,pro,5.0,India,
45,51.0,49395.95,2022-01-13 20:00:00,bangalore ,basic,5.0,India,98830.67722099554
46,16.0,40351.91,2022-01-14 03:00:00,Mumbai,pro,10.0,India,80718.15693942837
47,45.0,50954.49,2022-01-14 10:00:00,Delhi,basic,3.0,India,101450.96768214123
48,36.0,46710.82,2022-01-14 17:00:00,Delhi,basic,1.0,India,94028.48037722305
49,27.0,56375.28,2022-01-15 00:00:00,Delhi,pro,9.0,India,112057.74987366592
50,59.0,36937.96,2022-01-15 07:00:00,Pune,basic,3.0,India,74461.50446127541
51,44.0,,2022-01-15 14:00:00,Mumbai,pro,4.0,India,
52,21.0,57148.28,2022-01-15 21:00:00, Delhi,basic,9.0,India,114250.03537096006
53,36.0,52876.56,2022-01-16 04:00:00,Delhi,basic,7.0,India,105370.39782626313
54,42.0,290471.58,2022-01-16 11:00:00,Mumbai,basic,1.0,India,580829.9474571691
55,33.0,63285.1,2022-01-16 18:00:00,Bangalore,pro,9.0,India,126806.5873289976
56,,,2022-01-17 01:00:00,Bangalore,enterprise,10.0,India,
57,34.0,61906.8,2022-01-17 08:00:00,Delhi,pro,1.0,India,123957.05948176992
58,43.0,58645.56,2022-01-17 15:00:00,Bangalore,basic,9.0,India,117787.18816807041
59,52.0,59250.64,2022-01-17 22:00:00,Delhi,pro,2.0,India,118222.56271398626
60,27.0,,2022-01-18 05:00:00,Delhi,basic,2.0,India,
61,37.0,45195.33,2022-01-18 12:00:00,Delhi,pro,8.0,India,89606.48709456528
62,29.0,51108.1,2022-01-18 19:00:00,Mumbai,basic,6.0,India,102598.0133294187
63,37.0,64555.87,2022-01-19 02:00:00,mumbai,basic,5.0,India,129188.3281259758
64,21.0,,2022-01-19 09:00:00,Delhi,basic,6.0,India,
65,28.0,58100.69,2022-01-19 16:00:00,Mumbai,basic,3.0,India,116782.15120935962
66,33.0,32285.2,2022-01-19 23:00:00,Pune,pro,7.0,India,64916.16307439825
67,46.0,63068.31,2022-01-20 06:00:00, Delhi,pro,4.0,India,124728.42287912796
68,49.0,72542.06,2022-01-20 13:00:00, Delhi,pro,4.0,India,145104.06162413367
69,19.0,70145.07,2022-01-20 20:00:00,bangalore ,basic,6.0,India,139562.62800163613
70,25.0,58508.17,2022-01-21 03:00:00,bangalore ,pro,4.0,India,117549.66993723417
71,43.0,31634.82,2022-01-21 10:00:00,Delhi,basic,1.0,India,64514.17741145241
72,11.0,69138.17,2022-01-21 17:00:00, Delhi,pro,3.0,India,138017.07324464232
73,29.0,52791.18,2022-01-22 00:00:00,Bangalore,basic,10.0,India,105619.64957625096
74,34.0,,2022-01-22 07:00:00,Delhi,basic,3.0,India,
75,50.0,,2022-01-22 14:00:00,Bangalore,basic,4.0,India,
76,43.0,32617.42,2022-01-22 21:00:00,Mumbai,basic,2.0,India,65557.11450780439
77,,35553.39,2022-01-23 04:00:00,Pune,basic,1.0,India,71750.37696827015
78,31.0,45475.62,2022-01-23 11:00:00,Delhi,basic,10.0,India,90457.52933275112
79,32.0,74088.87,2022-01-23 18:00:00,mumbai,basic,6.0,India,148963.5574059118
80,53.0,49437.32,2022-01-24 01:00:00,Bangalore,pro,9.0,India,98408.8830719782
81,30.0,59064.87,2022-01-24 08:00:00,Delhi,pro,9.0,India,118268.28434968501
82,31.0,81219.52,2022-01-24 15:00:00,Bangalore,basic,4.0,India,163018.32831978836
83,39.0,78910.45,2022-01-24 22:00:00,Bangalore,basic,5.0,India,158177.49936919898
84,34.0,53449.7,2022-01-25 05:00:00,mumbai,pro,7.0,India,106430.11252950582
85,33.0,51377.18,2022-01-25 12:00:00,Bangalore,basic,8.0,India,102403.39819158774
86,22.0,36086.94,2022-01-25 19:00:00,bangalore ,pro,5.0,India,71942.71454863441
87,35.0,44583.13,2022-01-26 02:00:00,Delhi,basic,1.0,India,89140.67535943704
88,,368282.27999999997,2022-01-26 09:00:00,Bangalore,basic,3.0,India,737138.0366241593
89,,60935.96,2022-01-26 16:00:00,Bangalore,basic,4.0,India,121226.0142812491
90,43.0,56653.57,2022-01-26 23:00:00, Delhi,basic,4.0,India,113540.49075230637
91,35.0,69922.02,2022-01-27 06:00:00,Bangalore,basic,6.0,India,140149.02621608644
92,43.0,43414.48,2022-01-27 13:00:00, Delhi,basic,10.0,India,87108.10436107886
93,31.0,54158.85,2022-01-27 20:00:00,bangalore ,pro,2.0,India,108550.853167229
94,48.0,65968.64,2022-01-28 03:00:00,Bangalore,enterprise,4.0,India,132696.43906065996
95,35.0,63762.19,2022-01-28 10:00:00,Delhi,basic,3.0,India,127768.28417168312
96,,71064.19,2022-01-28 17:00:00,mumbai,pro,6.0,India,142556.85962228
97,20.0,60955.31,2022-01-29 00:00:00,Bangalore,basic,9.0,India,122192.39325246368
98,39.0,50358.96,2022-01-29 07:00:00,Pune,basic,10.0,India,101614.47641636414
99,15.0,60432.88,2022-01-29 14:00:00,Delhi,basic,6.0,India,119915.85763021855
100,11.0,39961.07,2022-01-29 21:00:00,Bangalore,basic,3.0,India,80563.19428855964
101,31.0,30408.11,2022-01-30 04:00:00,bangalore ,pro,3.0,India,60685.70461287328
102,24.0,63710.08,2022-01-30 11:00:00,,pro,9.0,India,127279.8015697818
103,37.0,54172.9,2022-01-30 18:00:00, Delhi,basic,1.0,India,107861.0616283868
104,62.0,,2022-01-31 01:00:00,bangalore ,basic,2.0,India,
105,25.0,29534.73,2022-01-31 08:00:00,Pune,pro,1.0,India,58878.51257622122
106,28.0,49523.29,2022-01-31 15:00:00,,enterprise,8.0,India,98702.93334524112
107,37.0,46002.14,2022-01-31 22:00:00,mumbai,pro,9.0,India,92251.36698973035
108,41.0,42036.82,2022-02-01 05:00:00,Delhi,pro,9.0,India,83337.5087635313
109,33.0,21174.77,2022-02-01 12:00:00,bangalore ,enterprise,3.0,India,43065.34658977206
110,33.0,49976.9,2022-02-01 19:00:00,mumbai,pro,9.0,India,100089.76692160718
111,43.0,68459.56,2022-02-02 02:00:00,bangalore ,pro,1.0,India,136795.1686542346
112,,60714.97,2022-02-02 09:00:00,bangalore ,basic,10.0,India,121075.22832540705
113,23.0,45985.8,2022-02-02 16:00:00,Bangalore,basic,6.0,India,91577.99647227378
114,34.0,54776.86,2022-02-02 23:00:00, Delhi,pro,8.0,India,108988.6764176897
115,35.0,66352.0,2022-02-03 06:00:00,Bangalore,enterprise,1.0,India,132431.8196375464
116,22.0,13593.73,2022-02-03 13:00:00,Pune,basic,10.0,India,27190.485207447255
117,38.0,53131.95,2022-02-03 20:00:00,bangalore ,basic,4.0,India,106175.2182752782
118,25.0,63148.0,2022-02-04 03:00:00, Delhi,basic,3.0,India,125588.75606309761
119,47.0,,2022-02-04 10:00:00,Pune,pro,9.0,India,
120,37.0,80510.95,2022-02-04 17:00:00,,basic,6.0,India,160575.30854233145
121,36.0,72025.69,2022-02-05 00:00:00,bangalore ,pro,2.0,India,144131.32109253106
122,28.0,59688.44,2022-02-05 07:00:00,bangalore ,basic,3.0,India,120309.20593760206
123,34.0,59529.64,2022-02-05 14:00:00,Mumbai,pro,4.0,India,119371.79134705663
124,11.0,66804.18,2022-02-05 21:00:00,Mumbai,pro,1.0,India,133451.8000305889
125,21.0,46910.1,2022-02-06 04:00:00,,basic,6.0,India,93007.75841326275
126,39.0,54397.18,2022-02-06 11:00:00,bangalore ,basic,5.0,India,108086.9978456606
127,9.0,,2022-02-06 18:00:00, Delhi,basic,7.0,India,
128,45.0,84361.68,2022-02-07 01:00:00,Pune,pro,8.0,India,169086.3442317004
129,14.0,52610.99,2022-02-07 08:00:00, Delhi,basic,2.0,India,104839.44532497799
130,44.0,54273.99,2022-02-07 15:00:00,Mumbai,basic,8.0,India,108579.28012956212
131,25.0,57977.2,2022-02-07 22:00:00,bangalore ,basic,9.0,India,115643.3929087288
132,44.0,75148.06,2022-02-08 05:00:00,Delhi,basic,1.0,India,150341.71827093675
133,37.0,54545.3,2022-02-08 12:00:00, Delhi,pro,8.0,India,109791.43856544474
134,17.0,77040.39,2022-02-08 19:00:00,Mumbai,pro,10.0,India,153738.30703394132
135,50.0,40500.14,2022-02-09 02:00:00,Mumbai,enterprise,4.0,India,80829.80233038592
136,52.0,52209.46,2022-02-09 09:00:00,Delhi,pro,3.0,India,104015.74804433488
137,34.0,52027.52,2022-02-09 16:00:00,Bangalore,pro,6.0,India,104492.32745175966
138,32.0,66797.59,2022-02-09 23:00:00,mumbai,basic,3.0,India,133082.32140504287
139,33.0,70678.91,2022-02-10 06:00:00,Delhi,pro,3.0,India,140791.32837774552
140,23.0,32358.33,2022-02-10 13:00:00, Delhi,pro,9.0,India,64022.82851721419
141,48.0,41273.24,2022-02-10 20:00:00,Pune,pro,7.0,India,81842.24324290488
142,28.0,60052.79,2022-02-11 03:00:00, Delhi,pro,9.0,India,120341.02716933569
143,34.0,45119.6,2022-02-11 10:00:00,bangalore ,pro,8.0,India,91523.76251007756
144,25.0,32163.58,2022-02-11 17:00:00,Pune,basic,8.0,India,63829.47184179652
145,27.0,70577.2,2022-02-12 00:00:00,mumbai,pro,8.0,India,141630.17291165315
146,20.0,62409.55,2022-02-12 07:00:00,Bangalore,basic,4.0,India,124944.65352083619
147,50.0,62397.66,2022-02-12 14:00:00,Pune,basic,2.0,India,124244.30871687402
148,33.0,47868.31,2022-02-12 21:00:00,bangalore ,basic,5.0,India,95598.2702249865
149,47.0,70434.08,2022-02-13 04:00:00,bangalore ,basic,10.0,India,140751.70166216462
150,35.0,51400.6,2022-02-13 11:00:00, Delhi,basic,9.0,India,102455.84905418818
151,27.0,71446.53,2022-02-13 18:00:00,Pune,basic,8.0,India,143858.36343685628
152,31.0,41325.02,2022-02-14 01:00:00,Delhi,basic,4.0,India,81696.97971517142
153,28.0,42187.97,2022-02-14 08:00:00,Delhi,pro,3.0,India,84566.45822409354
154,35.0,,2022-02-14 15:00:00,Mumbai,pro,9.0,India,
155,30.0,44465.02,2022-02-14 22:00:00,Bangalore,pro,5.0,India,88640.23190089245
156,31.0,65131.77,2022-02-15 05:00:00, Delhi,enterprise,8.0,India,130338.29143268768
157,18.0,58901.32,2022-02-15 12:00:00,Mumbai,basic,3.0,India,118241.44248434795
158,25.0,41155.43,2022-02-15 19:00:00,bangalore ,basic,5.0,India,82387.22756771983
159,55.0,56092.98,2022-02-16 02:00:00, Delhi,basic,8.0,India,112394.62266127035
160,27.0,49730.83,2022-02-16 09:00:00,Mumbai,basic,9.0,India,99808.11596663608
161,22.0,68737.49,2022-02-16 16:00:00,Delhi,enterprise,1.0,India,136458.95200479173
162,39.0,45511.71,2022-02-16 23:00:00,bangalore ,basic,4.0,India,91762.60906273582
163,52.0,48412.4,2022-02-17 06:00:00,Bangalore,pro,3.0,India,97963.95198505386
164,18.0,73168.55,2022-02-17 13:00:00,,pro,8.0,India,146827.49752685815
165,32.0,88578.9,2022-02-17 20:00:00, Delhi,basic,8.0,India,177664.63231636467
166,27.0,84985.13,2022-02-18 03:00:00, Delhi,pro,7.0,India,169266.13651134167
167,14.0,55948.35,2022-02-18 10:00:00,mumbai,basic,8.0,India,111837.48581574326
168,44.0,58282.82,2022-02-18 17:00:00,Bangalore,basic,4.0,India,116159.61809367964
169,35.0,,2022-02-19 00:00:00,Bangalore,basic,1.0,India,
170,36.0,53133.48,2022-02-19 07:00:00, Delhi,basic,6.0,India,106750.47845448328
171,26.0,40354.76,2022-02-19 14:00:00, Delhi,basic,1.0,India,80307.56970637981
172,40.0,56753.13,2022-02-19 21:00:00,bangalore ,basic,7.0,India,113441.20935365238
173,29.0,61772.75,2022-02-20 04:00:00,bangalore ,enterprise,7.0,India,122591.20963930915
174,33.0,42562.76,2022-02-20 11:00:00,Mumbai,basic,6.0,India,85046.30399904722
175,,30306.53,2022-02-20 18:00:00,mumbai,basic,9.0,India,60658.068379942815
176,20.0,33449.06,2022-02-21 01:00:00,Mumbai,enterprise,2.0,India,66545.72489593063
177,51.0,64981.44,2022-02-21 08:00:00, Delhi,basic,5.0,India,129602.93660028113
178,29.0,43624.35,2022-02-21 15:00:00,Bangalore,enterprise,10.0,India,88191.91144299178
179,39.0,52879.79,2022-02-21 22:00:00,Pune,pro,3.0,India,105154.70785704753
180,35.0,58188.38,2022-02-22 05:00:00,Delhi,pro,10.0,India,115851.4514785498
181,30.0,64287.11,2022-02-22 12:00:00,mumbai,basic,1.0,India,128169.7147623492
182,29.0,49976.46,2022-02-22 19:00:00,mumbai,basic,1.0,India,100552.32951130744
183,43.0,62480.74,2022-02-23 02:00:00,Bangalore,basic,3.0,India,126012.25122191086
184,31.0,41649.1,2022-02-23 09:00:00,Delhi,basic,10.0,India,83464.28792587301
185,33.0,49574.29,2022-02-23 16:00:00,Mumbai,basic,7.0,India,98789.92099202974
186,35.0,39633.77,2022-02-23 23:00:00, Delhi,basic,6.0,India,79053.67381942993
187,49.0,71976.51,2022-02-24 06:00:00,Pune,enterprise,2.0,India,144485.42615874187
188,43.0,,2022-02-24 13:00:00,Delhi,basic,2.0,India,
189,40.0,43910.39,2022-02-24 20:00:00,Bangalore,enterprise,9.0,India,88547.25331361113
190,28.0,49714.42,2022-02-25 03:00:00,,pro,9.0,India,100137.12909210802
191,18.0,51674.07,2022-02-25 10:00:00,Mumbai,basic,1.0,India,103383.24400757016
192,46.0,65507.8,2022-02-25 17:00:00,Bangalore,basic,5.0,India,131338.66498465466
193,47.0,31065.46,2022-02-26 00:00:00,Pune,basic,6.0,India,62505.792973915726
194,33.0,39441.91,2022-02-26 07:00:00,Mumbai,basic,8.0,India,79660.9250580798
195,42.0,49328.39,2022-02-26 14:00:00,bangalore ,enterprise,1.0,India,98131.05412566505
196,44.0,92984.59,2022-02-26 21:00:00,Pune,basic,9.0,India,186559.782325258
197,45.0,,2022-02-27 04:00:00,mumbai,basic,6.0,India,
198,46.0,53328.22,2022-02-27 11:00:00,bangalore ,basic,6.0,India,106272.55950821223
199,30.0,65679.99,2022-02-27 18:00:00,Mumbai,pro,4.0,India,131411.3162159308
200,53.0,85861.54,2022-02-28 01:00:00,Delhi,basic,1.0,India,171615.90785670662
201,20.0,,2022-02-28 08:00:00,Mumbai,basic,10.0,India,
202,45.0,49503.8,2022-02-28 15:00:00,Bangalore,pro,9.0,India,98208.93478593249
203,41.0,73179.15,2022-02-28 22:00:00,Bangalore,basic,9.0,India,145887.25255104905
204,45.0,,2022-03-01 05:00:00,Mumbai,pro,7.0,India,
205,58.0,65070.0,2022-03-01 12:00:00, Delhi,basic,5.0,India,131121.28475172358
206,,47376.66,2022-03-01 19:00:00,bangalore ,basic,10.0,India,95078.37822301207
207,21.0,83863.05,2022-03-02 02:00:00,mumbai,basic,2.0,India,168319.06273245582
208,15.0,80643.86,2022-03-02 09:00:00,Pune,pro,3.0,India,161029.3035172048
209,,63489.22,2022-03-02 16:00:00,Delhi,enterprise,5.0,India,126939.86416245911
210,23.0,65264.35,2022-03-02 23:00:00,bangalore ,pro,8.0,India,130670.08236613999
211,35.0,24591.09,2022-03-03 06:00:00,Bangalore,basic,4.0,India,48641.53520754707
212,45.0,64565.65,2022-03-03 13:00:00,Bangalore,basic,9.0,India,128636.32791656983
213,15.0,52088.37,2022-03-03 20:00:00,Mumbai,basic,4.0,India,104225.3286533526
214,10.0,61508.59,2022-03-04 03:00:00,bangalore ,basic,4.0,India,122857.02803654612
215,38.0,65236.89,2022-03-04 10:00:00,Delhi,basic,4.0,India,129942.00161023039
216,36.0,49880.62,2022-03-04 17:00:00,Mumbai,basic,5.0,India,99954.50606463647
217,32.0,29642.77,2022-03-05 00:00:00,Mumbai,enterprise,9.0,India,59153.90034976184
218,35.0,60518.12,2022-03-05 07:00:00,Bangalore,pro,4.0,India,121546.91697542978
219,25.0,43879.25,2022-03-05 14:00:00,bangalore ,pro,5.0,India,87755.9094490911
220,17.0,50047.09,2022-03-05 21:00:00,mumbai,pro,1.0,India,99944.02677044019
221,33.0,45932.35,2022-03-06 04:00:00, Delhi,basic,6.0,India,91928.53659234046
222,23.0,49876.39,2022-03-06 11:00:00,mumbai,basic,3.0,India,99666.78827300055
223,15.0,,2022-03-06 18:00:00,bangalore ,basic,5.0,India,
224,41.0,73254.21,2022-03-07 01:00:00, Delhi,basic,4.0,India,146307.44195712564
225,34.0,58800.19,2022-03-07 08:00:00,Pune,basic,4.0,India,117975.08952099374
226,40.0,71670.99,2022-03-07 15:00:00,Pune,pro,2.0,India,143665.2383583995
227,23.0,84697.63,2022-03-07 22:00:00, Delhi,basic,5.0,India,170038.37390468206
228,27.0,55338.9,2022-03-08 05:00:00,Pune,basic,8.0,India,109831.30302836015
229,23.0,27963.46,2022-03-08 12:00:00,mumbai,basic,7.0,India,55730.37466053834
230,24.0,,2022-03-08 19:00:00,bangalore ,pro,5.0,India,
231,37.0,36896.43,2022-03-09 02:00:00,bangalore ,pro,9.0,India,73878.7462561539
232,26.0,47471.88,2022-03-09 09:00:00,Mumbai,pro,6.0,India,94717.68137105006
233,39.0,56194.72,2022-03-09 16:00:00,Delhi,basic,7.0,India,112132.84849616898
234,39.0,24967.19,2022-03-09 23:00:00,mumbai,basic,3.0,India,50325.8674617284
235,59.0,60137.13,2022-03-10 06:00:00,Delhi,basic,7.0,India,120363.30375766804
236,18.0,32344.65,2022-03-10 13:00:00, Delhi,basic,4.0,India,64106.11798876019
237,46.0,59460.48,2022-03-10 20:00:00,bangalore ,pro,2.0,India,119588.21316057756
238,34.0,53357.63,2022-03-11 03:00:00,Bangalore,enterprise,8.0,India,107213.63602515431
239,35.0,50295.53,2022-03-11 10:00:00, Delhi,pro,6.0,India,100304.0801765823
240,18.0,323426.1,2022-03-11 17:00:00,Delhi,basic,5.0,India,647267.8402077096
241,29.0,46903.33,2022-03-12 00:00:00, Delhi,basic,8.0,India,93439.07838002348
242,44.0,45812.93,2022-03-12 07:00:00,Delhi,pro,6.0,India,92188.70920523188
243,34.0,29758.65,2022-03-12 14:00:00,bangalore ,enterprise,8.0,India,59408.384379955925
244,36.0,54555.59,2022-03-12 21:00:00,Bangalore,basic,5.0,India,108709.75880228866
245,32.0,82683.01,2022-03-13 04:00:00,Mumbai,basic,10.0,India,165179.46780209162
246,49.0,84707.43,2022-03-13 11:00:00,Pune,basic,6.0,India,169031.94481475817
247,,74827.26,2022-03-13 18:00:00,Bangalore,pro,5.0,India,149750.58983132965
248,9.0,65587.02,2022-03-14 01:00:00, Delhi,pro,9.0,India,131261.59261686893
249,27.0,44852.8,2022-03-14 08:00:00,Bangalore,basic,10.0,India,89723.5014826391
250,11.0,76641.26,2022-03-14 15:00:00,Mumbai,basic,3.0,India,153004.21227716916
251,-4.0,,2022-03-14 22:00:00,Mumbai,basic,3.0,India,
252,29.0,53966.87,2022-03-15 05:00:00,,basic,6.0,India,107980.15780766137
253,51.0,50631.59,2022-03-15 12:00:00, Delhi,pro,1.0,India,100315.06281103153
254,36.0,56379.43,2022-03-15 19:00:00,bangalore ,pro,7.0,India,112880.9541757845
255,21.0,48471.78,2022-03-16 02:00:00,Bangalore,enterprise,7.0,India,97508.95686986113
256,24.0,53743.27,2022-03-16 09:00:00,Pune,basic,1.0,India,107623.48281929236
257,49.0,38731.01,2022-03-16 16:00:00,,basic,3.0,India,77267.30170252455
258,37.0,49395.04,2022-03-16 23:00:00,Mumbai,pro,10.0,India,98700.14119807146
259,36.0,89208.35,2022-03-17 06:00:00,mumbai,pro,2.0,India,178350.16868654324
260,34.0,53956.09,2022-03-17 13:00:00,Delhi,basic,5.0,India,107637.5591870108
261,35.0,51420.09,2022-03-17 20:00:00, Delhi,basic,7.0,India,102548.28525322049
262,45.0,62985.61,2022-03-18 03:00:00, Delhi,pro,3.0,India,125509.27201769914
263,42.0,65621.83,2022-03-18 10:00:00,Delhi,pro,4.0,India,131837.74112333189
264,38.0,38293.47,2022-03-18 17:00:00,Pune,basic,8.0,India,76579.16336340594
265,22.0,51892.62,2022-03-19 00:00:00, Delhi,basic,5.0,India,104263.37569784689
266,41.0,68774.14,2022-03-19 07:00:00,Pune,enterprise,9.0,India,137423.25447872755
267,27.0,59047.56,2022-03-19 14:00:00,Mumbai,basic,1.0,India,118131.20387503221
268,48.0,56829.31,2022-03-19 21:00:00,bangalore ,pro,7.0,India,113573.42867675824
269,20.0,78310.27,2022-03-20 04:00:00,Delhi,basic,4.0,India,156851.9580275136
270,33.0,44833.41,2022-03-20 11:00:00, Delhi,basic,10.0,India,90080.13782641021
271,35.0,56241.19,2022-03-20 18:00:00,Delhi,basic,5.0,India,112602.23231064835
272,19.0,47199.12,2022-03-21 01:00:00, Delhi,basic,1.0,India,94061.33191734899
273,56.0,77354.62,2022-03-21 08:00:00, Delhi,basic,9.0,India,154319.26308652514
274,,25722.09,2022-03-21 15:00:00,Pune,basic,6.0,India,52273.76526895039
275,29.0,44947.87,2022-03-21 22:00:00,bangalore ,basic,1.0,India,89755.72116222625
276,44.0,47062.65,2022-03-22 05:00:00,bangalore ,basic,8.0,India,93979.74892487159
277,40.0,64953.09,2022-03-22 12:00:00,mumbai,basic,6.0,India,130638.68370394867
278,4.0,64094.13,2022-03-22 19:00:00,Pune,pro,10.0,India,128732.19057730405
279,38.0,75927.91,2022-03-23 02:00:00,Bangalore,basic,8.0,India,152122.73896896504
280,34.0,31389.51,2022-03-23 09:00:00,Delhi,basic,7.0,India,62579.32173229276
281,36.0,66257.13,2022-03-23 16:00:00,Pune,pro,3.0,India,133690.8587960021
282,22.0,50600.8,2022-03-23 23:00:00,Bangalore,basic,7.0,India,101398.08689380498
283,32.0,45015.62,2022-03-24 06:00:00,Mumbai,basic,2.0,India,90304.73273931908
284,33.0,63093.53,2022-03-24 13:00:00,Delhi,basic,4.0,India,126101.50693416722
285,49.0,,2022-03-24 20:00:00,Mumbai,basic,5.0,India,
286,39.0,23846.3,2022-03-25 03:00:00,bangalore ,basic,6.0,India,47025.218967488116
287,35.0,49446.72,2022-03-25 10:00:00,,pro,3.0,India,99096.92909586828
288,53.0,32533.44,2022-03-25 17:00:00,mumbai,pro,6.0,India,65262.794715060685
289,28.0,45266.26,2022-03-26 00:00:00,Mumbai,basic,4.0,India,90412.5208380142
290,30.0,60573.32,2022-03-26 07:00:00,Mumbai,basic,10.0,India,120560.7981036058
291,13.0,,2022-03-26 14:00:00,mumbai,pro,10.0,India,
292,54.0,78803.49,2022-03-26 21:00:00,Bangalore,basic,9.0,India,157443.05466783774
293,47.0,52005.18,2022-03-27 04:00:00,bangalore ,pro,3.0,India,103282.29603400874
294,46.0,32000.03,2022-03-27 11:00:00, Delhi,pro,8.0,India,64449.51766797393
295,43.0,43658.55,2022-03-27 18:00:00, Delhi,pro,10.0,India,87893.43239090004
296,36.0,41209.24,2022-03-28 01:00:00,Bangalore,pro,10.0,India,83832.99708154665
297,38.0,36732.62,2022-03-28 08:00:00,Mumbai,basic,9.0,India,73904.39872586707
298,32.0,61530.51,2022-03-28 15:00:00,Pune,pro,1.0,India,122764.59519756793
299,33.0,45321.51,2022-03-28 22:00:00,Pune,basic,2.0,India,90207.18750704745
300,36.0,25339.41,2022-03-29 05:00:00,Delhi,basic,8.0,India,48952.95595553686
301,53.0,65453.84,2022-03-29 12:00:00,Bangalore,basic,4.0,India,130610.23543074905
302,42.0,53328.6,2022-03-29 19:00:00,Mumbai,basic,5.0,India,106568.71306136361
303,,,2022-03-30 02:00:00,mumbai,pro,5.0,India,
304,28.0,56585.82,2022-03-30 09:00:00,Bangalore,pro,8.0,India,113477.4400765935
305,27.0,64474.82,2022-03-30 16:00:00, Delhi,basic,8.0,India,129243.81487018989
306,54.0,55570.28,2022-03-30 23:00:00,Mumbai,basic,3.0,India,111247.37380160777
307,41.0,73543.04,2022-03-31 06:00:00,Delhi,basic,8.0,India,147416.53501521624
308,36.0,,2022-03-31 13:00:00,bangalore ,basic,5.0,India,
309,31.0,,2022-03-31 20:00:00,Bangalore,enterprise,6.0,India,
310,22.0,61148.0,2022-04-01 03:00:00,bangalore ,enterprise,9.0,India,122067.34980763542
311,34.0,33150.43,2022-04-01 10:00:00,mumbai,enterprise,3.0,India,65606.59421759282
312,45.0,52530.46,2022-04-01 17:00:00, Delhi,pro,1.0,India,105870.2501549505
313,30.0,51110.25,2022-04-02 00:00:00,mumbai,pro,7.0,India,102868.93456161402
314,,58113.2,2022-04-02 07:00:00,Mumbai,basic,3.0,India,116602.54208174038
315,32.0,,2022-04-02 14:00:00,mumbai,basic,3.0,India,
316,36.0,79511.72,2022-04-02 21:00:00,bangalore ,basic,5.0,India,159109.9124017478
317,16.0,56565.83,2022-04-03 04:00:00,Pune,pro,9.0,India,113014.34032012173
318,32.0,36830.24,2022-04-03 11:00:00,Delhi,basic,9.0,India,73700.89352429389
319,25.0,29366.7,2022-04-03 18:00:00,Delhi,basic,8.0,India,58639.340935194
320,46.0,50780.69,2022-04-04 01:00:00,Mumbai,basic,3.0,India,101821.35641238798
321,26.0,,2022-04-04 08:00:00,Delhi,basic,10.0,India,
322,,44225.62,2022-04-04 15:00:00,Delhi,pro,9.0,India,88878.52525304531
323,53.0,56381.71,2022-04-04 22:00:00,Bangalore,basic,1.0,India,112884.11742912659
324,31.0,45382.36,2022-04-05 05:00:00,mumbai,basic,3.0,India,90618.18191388906
325,28.0,63274.87,2022-04-05 12:00:00,bangalore ,pro,2.0,India,126493.81331653785
326,37.0,44131.87,2022-04-05 19:00:00, Delhi,pro,4.0,India,88043.44629453662
327,35.0,54422.5,2022-04-06 02:00:00,Mumbai,pro,7.0,India,109251.94202363191
328,,69682.59,2022-04-06 09:00:00,Pune,basic,6.0,India,139229.44775751545
329,41.0,93575.03,2022-04-06 16:00:00,Pune,basic,2.0,India,187297.5051985581
330,59.0,39885.35,2022-04-06 23:00:00,bangalore ,pro,7.0,India,79574.49770576267
331,32.0,48032.38,2022-04-07 06:00:00,Delhi,pro,6.0,India,95322.20906229287
332,33.0,42402.46,2022-04-07 13:00:00,Bangalore,basic,9.0,India,85257.97220268787
333,22.0,66764.92,2022-04-07 20:00:00,mumbai,basic,4.0,India,133000.77674359246
334,39.0,37778.51,2022-04-08 03:00:00,mumbai,basic,9.0,India,75896.60048420668
335,20.0,47734.64,2022-04-08 10:00:00,Pune,basic,7.0,India,95679.35638794524
336,22.0,54555.98,2022-04-08 17:00:00,Delhi,basic,3.0,India,108283.94327949284
337,50.0,40319.82,2022-04-09 00:00:00,Bangalore,basic,4.0,India,80167.29921729013
338,24.0,40640.12,2022-04-09 07:00:00,Delhi,basic,8.0,India,81023.18967987131
339,48.0,47865.66,2022-04-09 14:00:00,Bangalore,basic,7.0,India,95320.96097887956
340,53.0,23493.4,2022-04-09 21:00:00,bangalore ,basic,7.0,India,46395.7646320567
341,38.0,,2022-04-10 04:00:00,bangalore ,basic,5.0,India,
342,42.0,48804.49,2022-04-10 11:00:00,Mumbai,basic,4.0,India,97489.22729920212
343,58.0,57223.46,2022-04-10 18:00:00,bangalore ,basic,6.0,India,114639.76528999346
344,33.0,52213.6,2022-04-11 01:00:00,Delhi,pro,8.0,India,104211.94577299162
345,28.0,28390.47,2022-04-11 08:00:00, Delhi,basic,3.0,India,56933.604288252165
346,19.0,48043.21,2022-04-11 15:00:00,bangalore ,basic,9.0,India,95710.84455016183
347,36.0,66976.56,2022-04-11 22:00:00,mumbai,pro,2.0,India,133939.8616126509
348,53.0,63337.98,2022-04-12 05:00:00, Delhi,basic,5.0,India,126966.88289685774
349,47.0,53818.78,2022-04-12 12:00:00,Bangalore,basic,4.0,India,107660.09640744752
350,24.0,41689.45,2022-04-12 19:00:00,mumbai,pro,10.0,India,83150.34488219855
351,25.0,64468.25,2022-04-13 02:00:00,bangalore ,pro,2.0,India,128393.16675110834
352,29.0,46316.07,2022-04-13 09:00:00,Delhi,pro,2.0,India,92715.95648099674
353,39.0,37461.27,2022-04-13 16:00:00,Delhi,pro,7.0,India,75095.01275260276
354,33.0,42967.21,2022-04-13 23:00:00, Delhi,pro,2.0,India,85805.24027507544
355,38.0,76725.18,2022-04-14 06:00:00,Mumbai,pro,10.0,India,153065.69983453938
356,39.0,58302.7,2022-04-14 13:00:00,bangalore ,basic,8.0,India,116876.69151680748
357,31.0,72388.71,2022-04-14 20:00:00,Mumbai,pro,9.0,India,146018.28522108487
358,35.0,47809.96,2022-04-15 03:00:00,Mumbai,basic,4.0,India,95468.68901037225
359,37.0,69072.24,2022-04-15 10:00:00,Mumbai,basic,8.0,India,138312.84972238058
360,34.0,45977.44,2022-04-15 17:00:00,mumbai,basic,6.0,India,92143.57649141563
361,41.0,,2022-04-16 00:00:00,Bangalore,basic,5.0,India,
362,57.0,92295.25,2022-04-16 07:00:00,Mumbai,basic,5.0,India,184652.43117269076
363,42.0,66507.23,2022-04-16 14:00:00,mumbai,pro,1.0,India,132661.20064883787
364,36.0,47482.44,2022-04-16 21:00:00,Pune,pro,2.0,India,95657.22399192512
365,,53727.71,2022-04-17 04:00:00,Mumbai,pro,2.0,India,107328.427089454
366,40.0,59893.35,2022-04-17 11:00:00, Delhi,basic,8.0,India,119397.93209696288
367,12.0,73156.86,2022-04-17 18:00:00,Bangalore,pro,3.0,India,146204.47033196109
368,18.0,47663.0,2022-04-18 01:00:00,bangalore ,pro,8.0,India,95409.28052904531
369,45.0,,2022-04-18 08:00:00,Delhi,basic,8.0,India,
370,43.0,50805.37,2022-04-18 15:00:00,bangalore ,basic,2.0,India,101584.40861032864
371,33.0,55230.78,2022-04-18 22:00:00,bangalore ,basic,4.0,India,109784.48008422865
372,14.0,56643.07,2022-04-19 05:00:00,bangalore ,basic,3.0,India,113173.51327654546
373,31.0,74750.35,2022-04-19 12:00:00,mumbai,basic,2.0,India,149888.53643804323
374,27.0,,2022-04-19 19:00:00,mumbai,basic,9.0,India,
375,43.0,67193.75,2022-04-20 02:00:00,Pune,basic,4.0,India,134740.7574338549
376,62.0,38483.29,2022-04-20 09:00:00,Mumbai,pro,10.0,India,77102.54692994597
377,,68018.52,2022-04-20 16:00:00,mumbai,basic,9.0,India,136628.92292896722
378,26.0,,2022-04-20 23:00:00, Delhi,pro,9.0,India,
379,21.0,66593.64,2022-04-21 06:00:00,bangalore ,basic,8.0,India,134019.20135080343
380,34.0,58803.34,2022-04-21 13:00:00,bangalore ,pro,6.0,India,118148.00792692442
381,33.0,57309.82,2022-04-21 20:00:00, Delhi,pro,5.0,India,114560.70820932425
382,21.0,81807.13,2022-04-22 03:00:00,Bangalore,pro,4.0,India,163743.48380631712
383,,,2022-04-22 10:00:00,Delhi,basic,7.0,India,
384,21.0,53333.46,2022-04-22 17:00:00,Mumbai,enterprise,5.0,India,106817.98960175258
385,48.0,61903.11,2022-04-23 00:00:00, Delhi,basic,9.0,India,123906.38054452007
386,48.0,66160.02,2022-04-23 07:00:00,Pune,basic,2.0,India,131928.82560109763
387,48.0,48440.08,2022-04-23 14:00:00,Pune,basic,4.0,India,95828.34205569328
388,29.0,59609.82,2022-04-23 21:00:00,bangalore ,basic,5.0,India,118883.80069406517
389,41.0,50831.18,2022-04-24 04:00:00,Pune,basic,3.0,India,100649.34275581618
390,33.0,56807.07,2022-04-24 11:00:00,bangalore ,basic,3.0,India,113648.1195536912
391,30.0,53018.63,2022-04-24 18:00:00,Delhi,basic,6.0,India,106039.52819407661
392,31.0,37876.09,2022-04-25 01:00:00,Bangalore,basic,2.0,India,74914.39274821841
393,19.0,54683.3,2022-04-25 08:00:00,Pune,pro,8.0,India,109710.68408356397
394,18.0,68157.27,2022-04-25 15:00:00,bangalore ,basic,4.0,India,136747.9690423576
395,45.0,,2022-04-25 22:00:00,bangalore ,basic,8.0,India,
396,33.0,51383.62,2022-04-26 05:00:00,Bangalore,basic,1.0,India,103601.07315092327
397,38.0,64971.7,2022-04-26 12:00:00,bangalore ,basic,8.0,India,130879.23277189289
398,47.0,38952.02,2022-04-26 19:00:00, Delhi,basic,5.0,India,77301.04300184688
399,14.0,57739.58,2022-04-27 02:00:00,bangalore ,enterprise,9.0,India,115997.51257190053
400,26.0,39098.05,2022-04-27 09:00:00,Mumbai,basic,7.0,India,78416.52393935689
401,37.0,72019.46,2022-04-27 16:00:00, Delhi,basic,9.0,India,144248.07988827338
402,40.0,89692.32,2022-04-27 23:00:00,Bangalore,basic,7.0,India,179851.86375882325
403,30.0,85333.83,2022-04-28 06:00:00,Pune,basic,2.0,India,170308.0761020208
404,47.0,51712.29,2022-04-28 13:00:00,Mumbai,enterprise,10.0,India,103128.3937833875
405,38.0,66102.99,2022-04-28 20:00:00,Pune,enterprise,4.0,India,131792.64394395234
406,20.0,56814.97,2022-04-29 03:00:00, Delhi,basic,9.0,India,113252.48881331884
407,24.0,56531.59,2022-04-29 10:00:00,Bangalore,basic,6.0,India,113013.92413291041
408,45.0,78216.36,2022-04-29 17:00:00,bangalore ,basic,7.0,India,155706.80791588748
409,41.0,35212.31,2022-04-30 00:00:00,mumbai,basic,2.0,India,69901.75631150513
410,12.0,70829.42,2022-04-30 07:00:00,Delhi,pro,9.0,India,141947.60414453043
411,51.0,54265.36,2022-04-30 14:00:00,,pro,8.0,India,108495.2386424051
412,42.0,76128.11,2022-04-30 21:00:00,Delhi,pro,5.0,India,152447.69739544904
413,51.0,57808.5,2022-05-01 04:00:00,Bangalore,pro,5.0,India,114672.36975839293
414,30.0,44909.92,2022-05-01 11:00:00,bangalore ,basic,8.0,India,89427.91336691994
415,31.0,59157.11,2022-05-01 18:00:00,Bangalore,basic,2.0,India,118036.50867363013
416,21.0,66039.51,2022-05-02 01:00:00,mumbai,basic,3.0,India,132095.28740737855
417,65.0,55536.46,2022-05-02 08:00:00, Delhi,pro,2.0,India,110779.77791417293
418,33.0,62320.57,2022-05-02 15:00:00,bangalore ,basic,6.0,India,125107.74731325322
419,54.0,47174.87,2022-05-02 22:00:00,Bangalore,basic,4.0,India,94320.60194188327
420,27.0,22991.74,2022-05-03 05:00:00,bangalore ,pro,10.0,India,45991.98708029879
421,37.0,68500.35,2022-05-03 12:00:00,mumbai,basic,9.0,India,137007.46908649628
422,15.0,65487.4,2022-05-03 19:00:00, Delhi,basic,6.0,India,131328.79272471706
423,30.0,57222.68,2022-05-04 02:00:00,Bangalore,basic,8.0,India,114209.54964389301
424,47.0,,2022-05-04 09:00:00, Delhi,enterprise,6.0,India,
425,20.0,423266.64,2022-05-04 16:00:00,Bangalore,basic,5.0,India,846763.3093013447
426,48.0,48143.4,2022-05-04 23:00:00,Mumbai,basic,8.0,India,96363.81846827417
427,39.0,44401.99,2022-05-05 06:00:00,Mumbai,basic,4.0,India,88824.84824377393
428,22.0,52171.75,2022-05-05 13:00:00,bangalore ,pro,4.0,India,104603.65198394131
429,29.0,,2022-05-05 20:00:00, Delhi,basic,2.0,India,
430,29.0,34193.31,2022-05-06 03:00:00,mumbai,pro,9.0,India,68859.38377519249
431,34.0,72877.45,2022-05-06 10:00:00,mumbai,basic,8.0,India,145942.83007890542
432,29.0,45411.21,2022-05-06 17:00:00,Mumbai,pro,1.0,India,91260.77937746864
433,25.0,38488.85,2022-05-07 00:00:00,Bangalore,basic,9.0,India,77036.87909287176
434,31.0,73900.93,2022-05-07 07:00:00,bangalore ,pro,3.0,India,148428.10509965662
435,23.0,321279.9,2022-05-07 14:00:00,Mumbai,basic,9.0,India,642546.4967463951
436,20.0,35496.48,2022-05-07 21:00:00,Pune,pro,2.0,India,69955.39036263792
437,34.0,49619.0,2022-05-08 04:00:00, Delhi,pro,2.0,India,99906.94128347618
438,46.0,68965.79,2022-05-08 11:00:00,Pune,basic,3.0,India,137985.50554401265
439,17.0,72881.11,2022-05-08 18:00:00,Pune,basic,10.0,India,145176.68077746726
440,35.0,48593.52,2022-05-09 01:00:00,Bangalore,basic,10.0,India,97087.92814638361
441,27.0,61094.81,2022-05-09 08:00:00,Mumbai,basic,7.0,India,121747.70321174485
442,23.0,65711.27,2022-05-09 15:00:00,Mumbai,basic,1.0,India,132472.6446916497
443,45.0,45330.6,2022-05-09 22:00:00,bangalore ,pro,7.0,India,90910.04247379166
444,29.0,60325.54,2022-05-10 05:00:00,Mumbai,basic,3.0,India,119866.72441267796
445,53.0,54521.83,2022-05-10 12:00:00,Delhi,basic,8.0,India,109316.74227318444
446,26.0,46959.63,2022-05-10 19:00:00,Delhi,basic,6.0,India,93719.89002258937
447,40.0,47617.78,2022-05-11 02:00:00, Delhi,basic,9.0,India,96193.95166795008
448,32.0,56005.52,2022-05-11 09:00:00,Mumbai,basic,8.0,India,111484.69169995641
449,26.0,55447.8,2022-05-11 16:00:00,mumbai,basic,4.0,India,109772.08524833934
450,42.0,46517.65,2022-05-11 23:00:00,Delhi,basic,8.0,India,93068.23458986396
451,33.0,48610.82,2022-05-12 06:00:00,Mumbai,basic,3.0,India,97047.62632522514
452,42.0,71700.06,2022-05-12 13:00:00,Bangalore,basic,4.0,India,143191.82713255065
453,34.0,58207.41,2022-05-12 20:00:00,bangalore ,pro,3.0,India,115344.20041942436
454,22.0,68276.42,2022-05-13 03:00:00,,basic,3.0,India,136766.24467559872
455,34.0,73027.33,2022-05-13 10:00:00,Bangalore,basic,5.0,India,146891.3325739213
456,36.0,63832.63,2022-05-13 17:00:00,Pune,basic,9.0,India,126710.73545954729
457,47.0,89063.29,2022-05-14 00:00:00,Pune,basic,5.0,India,178712.19184371142
458,24.0,42620.44,2022-05-14 07:00:00,Mumbai,basic,2.0,India,84956.52157162299
459,35.0,67126.14,2022-05-14 14:00:00,Delhi,basic,8.0,India,135426.78263601114
460,14.0,50227.84,2022-05-14 21:00:00,mumbai,basic,1.0,India,100673.68396052442
461,43.0,82836.75,2022-05-15 04:00:00,mumbai,pro,6.0,India,165579.5778143271
462,22.0,80506.6,2022-05-15 11:00:00,bangalore ,enterprise,3.0,India,161565.89088294414
463,13.0,25686.83,2022-05-15 18:00:00,,pro,10.0,India,51636.67422537487
464,34.0,40467.01,2022-05-16 01:00:00,Mumbai,basic,5.0,India,80637.79201200875
465,48.0,64964.69,2022-05-16 08:00:00,bangalore ,basic,5.0,India,130284.4884716445
466,17.0,66848.01,2022-05-16 15:00:00,Delhi,basic,10.0,India,133440.67206482743
467,22.0,66048.46,2022-05-16 22:00:00,Pune,basic,5.0,India,131202.67601642822
468,26.0,53937.02,2022-05-17 05:00:00,Mumbai,enterprise,8.0,India,108889.8360966237
469,21.0,61826.81,2022-05-17 12:00:00,bangalore ,basic,5.0,India,123478.8284496291
470,40.0,64795.32,2022-05-17 19:00:00,bangalore ,basic,6.0,India,129286.13299966618
471,25.0,53831.93,2022-05-18 02:00:00,Bangalore,pro,5.0,India,107833.22103172749
472,26.0,,2022-05-18 09:00:00,mumbai,basic,6.0,India,
473,42.0,21107.54,2022-05-18 16:00:00,Delhi,basic,5.0,India,41538.29067590054
474,26.0,64506.9,2022-05-18 23:00:00, Delhi,enterprise,7.0,India,128763.97664996563
475,40.0,39489.21,2022-05-19 06:00:00, Delhi,basic,5.0,India,78718.55909672356
476,23.0,69380.17,2022-05-19 13:00:00,Delhi,basic,7.0,India,138796.28463624307
477,20.0,51569.73,2022-05-19 20:00:00,Bangalore,basic,8.0,India,103700.73885656302
478,13.0,41668.19,2022-05-20 03:00:00,Bangalore,pro,4.0,India,83099.36651343248
479,57.0,60608.53,2022-05-20 10:00:00,mumbai,basic,2.0,India,121463.45923637493
480,31.0,41330.0,2022-05-20 17:00:00,bangalore ,basic,1.0,India,82960.77250045176
481,38.0,41308.48,2022-05-21 00:00:00,Delhi,pro,6.0,India,82074.92230920107
482,35.0,31490.58,2022-05-21 07:00:00,Bangalore,enterprise,3.0,India,63095.3878614564
483,37.0,54599.38,2022-05-21 14:00:00,bangalore ,enterprise,4.0,India,108727.42631033852
484,36.0,62452.35,2022-05-21 21:00:00, Delhi,pro,8.0,India,125436.6493722739
485,58.0,70345.39,2022-05-22 04:00:00,bangalore ,basic,5.0,India,140918.32493903625
486,23.0,52874.08,2022-05-22 11:00:00,Mumbai,basic,7.0,India,105756.41205718063
487,16.0,,2022-05-22 18:00:00, Delhi,basic,2.0,India,
488,23.0,55269.41,2022-05-23 01:00:00,Pune,basic,8.0,India,110596.81500514266
489,19.0,53600.67,2022-05-23 08:00:00,Bangalore,enterprise,6.0,India,106817.82624321166
490,44.0,63603.44,2022-05-23 15:00:00,bangalore ,basic,1.0,India,127559.86132022613
491,45.0,70875.89,2022-05-23 22:00:00, Delhi,basic,5.0,India,141692.11674881724
492,23.0,49878.48,2022-05-24 05:00:00,Mumbai,basic,10.0,India,99350.78771855628
493,18.0,51343.58,2022-05-24 12:00:00,Delhi,basic,5.0,India,103149.91894875559
494,31.0,52587.53,2022-05-24 19:00:00,,basic,4.0,India,105535.82753385672
495,52.0,56241.54,2022-05-25 02:00:00,Mumbai,basic,1.0,India,112186.43146052661
496,1.0,,2022-05-25 09:00:00,mumbai,pro,10.0,India,
497,41.0,70420.09,2022-05-25 16:00:00, Delhi,pro,3.0,India,140690.98266240783
498,22.0,48993.86,2022-05-25 23:00:00,Delhi,basic,6.0,India,97833.14419280192
499,47.0,61936.65,2022-05-26 06:00:00,Delhi,pro,5.0,India,123935.20052413414
500,22.0,42617.91,2022-05-26 13:00:00,Delhi,pro,6.0,India,84859.50312405353
1,35.0,50718.76,2022-01-01 00:00:00,bangalore ,pro,10.0,India,101696.74121647721
2,39.0,32405.81,2022-01-01 07:00:00,Pune,enterprise,4.0,India,65537.2434446126
3,32.0,40341.13,2022-01-01 14:00:00, Delhi,pro,3.0,India,80350.59623090154
4,24.0,75787.59,2022-01-01 21:00:00, Delhi,basic,9.0,India,151577.83223679953
5,30.0,67308.68,2022-01-02 04:00:00,Bangalore,pro,10.0,India,134437.7548000825
6,23.0,48974.98,2022-01-02 11:00:00, Delhi,basic,10.0,India,97580.66002960756
7,36.0,,2022-01-02 18:00:00,bangalore ,basic,2.0,India,
8,51.0,26592.89,2022-01-03 01:00:00,Delhi,basic,7.0,India,53216.1105826509
9,29.0,49095.15,2022-01-03 08:00:00,Pune,basic,2.0,India,97324.26749978242
10,,54536.45,2022-01-03 15:00:00,bangalore ,basic,4.0,India,109128.17157541224
11,41.0,53739.18,2022-01-03 22:00:00,bangalore ,basic,5.0,India,107488.83596774387
12,39.0,53593.12,2022-01-04 05:00:00,mumbai,basic,10.0,India,106857.36485053807
